{"cameraMode":{"drawMode":0,"name":"Shaded","section":"Shading Mode"},"sceneLighting":true,"audioPlay":false,"sceneViewState":{"showFog":true,"showMaterialUpdate":false,"showSkybox":true,"showFlares":true,"showImageEffects":true,"showParticleSystems":true},"in2DMode":false,"pivot":{"x":1.312608003616333,"y":-6.77828311920166,"z":9.653820991516114},"rotation":{"x":-0.3483484387397766,"y":-0.003658784320577979,"z":0.0013598846271634102,"w":-0.9373615384101868},"size":12.03498649597168,"orthographic":false}